{
    "IsEncrypted": false,
  "Values": {
    "AzureWebJobsStorage": "DefaultEndpointsProtocol=http;AccountName=devstoreaccount1;AccountKey=Eby8vdM02xNOcqFlqUwJPLlmEtlCDXJ1OUzFT50uSRZ6IFsuFq2UVErCz4I6tq/K1SZFPTOtr/KBHBeksoGMGw==;BlobEndpoint=http://127.0.0.1:10200/devstoreaccount1;QueueEndpoint=http://127.0.0.1:10201/devstoreaccount1;TableEndpoint=http://127.0.0.1:10202/devstoreaccount1;",
    "FUNCTIONS_WORKER_RUNTIME": "dotnet-isolated",
    "EventHubConnection": "Endpoint=sb://eventhubdemo011.servicebus.windows.net/;SharedAccessKeyName=RootManageSharedAccessKey;SharedAccessKey=fvIqXF1hGgp+LLhHqBHZKDdCFFKbE7u81+AEhGI44oM=",
    "EventHubName": "testeventhub",
    "CosmosKey": "knQFINT82ceRFTMhFDhTsLbCfQd1fkkhkDuuzE9Cnl53r390fU6JU3kBcM2Qz3faB1zvIKTKLlpYACDb1eJCQg=="
  }
}